id,added,authentication,file_urls_fullsize,file_urls_original,file_urls_square_thumbnail,file_urls_thumbnail,filename,has_derivative_image,item_id,metadata_mime_type,mime_type,modified,original_filename,size,stored,type_os,url
3,2021-04-04T17:51:33+00:00,c6a56e65d2ed786bedb41976dd8fa810,https://s3.amazonaws.com/omeka-net/59415/archive/fullsize/519627986585e21157376c430ab085d6.jpg?AWSAccessKeyId=AKIAI3ATG3OSQLO5HGKA&Expires=1625097600&Signature=YcoPMcFX8g7vLZQDi%2BDbhzBC3Es%3D,https://s3.amazonaws.com/omeka-net/59415/archive/files/519627986585e21157376c430ab085d6.png?AWSAccessKeyId=AKIAI3ATG3OSQLO5HGKA&Expires=1625097600&Signature=ZTHZlYJlXmJqLR4hyiU6sT0TtWQ%3D,https://s3.amazonaws.com/omeka-net/59415/archive/square_thumbnails/519627986585e21157376c430ab085d6.jpg?AWSAccessKeyId=AKIAI3ATG3OSQLO5HGKA&Expires=1625097600&Signature=lCeEfiSqEUuNsZePgfK0Mft4DWM%3D,https://s3.amazonaws.com/omeka-net/59415/archive/thumbnails/519627986585e21157376c430ab085d6.jpg?AWSAccessKeyId=AKIAI3ATG3OSQLO5HGKA&Expires=1625097600&Signature=djOPwgPPevHZKYMHUPxa3zOF2zQ%3D,519627986585e21157376c430ab085d6.png,True,2,image/png,image/png,2021-05-14T15:02:21+00:00,1_2_200DPI.png,3166894,True,"PNG image data, 1652 x 2336, 8-bit/color RGB, non-interlaced",https://erdinggeschichte.omeka.net/api/files/3
4,2021-04-04T17:52:57+00:00,befc9b0a971ee4ba9ba3219a39a663f0,https://s3.amazonaws.com/omeka-net/59415/archive/fullsize/9d7906eef95a1a3463194362da50bcee.jpg?AWSAccessKeyId=AKIAI3ATG3OSQLO5HGKA&Expires=1625097600&Signature=4jrBauinM0nvlKMwc0X%2Fixscb1o%3D,https://s3.amazonaws.com/omeka-net/59415/archive/files/9d7906eef95a1a3463194362da50bcee.png?AWSAccessKeyId=AKIAI3ATG3OSQLO5HGKA&Expires=1625097600&Signature=ixbdgW6xGtpFDSPAucOLcS7Eg54%3D,https://s3.amazonaws.com/omeka-net/59415/archive/square_thumbnails/9d7906eef95a1a3463194362da50bcee.jpg?AWSAccessKeyId=AKIAI3ATG3OSQLO5HGKA&Expires=1625097600&Signature=bQqXqF7UiXXRmjbAna1dcWSgU%2BI%3D,https://s3.amazonaws.com/omeka-net/59415/archive/thumbnails/9d7906eef95a1a3463194362da50bcee.jpg?AWSAccessKeyId=AKIAI3ATG3OSQLO5HGKA&Expires=1625097600&Signature=G3oEkbYWfrNghoyFm7h1qNZFfFM%3D,9d7906eef95a1a3463194362da50bcee.png,True,1,image/png,image/png,2021-04-15T15:18:20+00:00,1_1_200DPI.png,2625564,True,"PNG image data, 1652 x 2336, 8-bit/color RGB, non-interlaced",https://erdinggeschichte.omeka.net/api/files/4
5,2021-04-28T13:07:30+00:00,db0b9d298e137fe127abba36d6f400e1,https://s3.amazonaws.com/omeka-net/59415/archive/fullsize/324ff9967e50aac101a55240c50dbf3e.jpg?AWSAccessKeyId=AKIAI3ATG3OSQLO5HGKA&Expires=1625097600&Signature=yWobvcFSXxJZv25xdc9re%2FaWzRc%3D,https://s3.amazonaws.com/omeka-net/59415/archive/files/324ff9967e50aac101a55240c50dbf3e.jpg?AWSAccessKeyId=AKIAI3ATG3OSQLO5HGKA&Expires=1625097600&Signature=apgyq9NIBdqZuxNDPh7vaDqgnt8%3D,https://s3.amazonaws.com/omeka-net/59415/archive/square_thumbnails/324ff9967e50aac101a55240c50dbf3e.jpg?AWSAccessKeyId=AKIAI3ATG3OSQLO5HGKA&Expires=1625097600&Signature=lNoPvRPl64Fn5WoEcdfRwYlYJwM%3D,https://s3.amazonaws.com/omeka-net/59415/archive/thumbnails/324ff9967e50aac101a55240c50dbf3e.jpg?AWSAccessKeyId=AKIAI3ATG3OSQLO5HGKA&Expires=1625097600&Signature=7XNMHPvx8gfNgaD27dzuZMRyMEw%3D,324ff9967e50aac101a55240c50dbf3e.jpg,True,3,image/jpeg,image/jpeg,2021-05-14T15:02:53+00:00,1_300-page-003.jpg,545588,True,"JPEG image data, JFIF standard 1.01",https://erdinggeschichte.omeka.net/api/files/5
6,2021-04-28T13:08:38+00:00,afbe060314d26599805219e35f9da26e,https://s3.amazonaws.com/omeka-net/59415/archive/fullsize/0fa6c931b396a164f90481c659b967cf.jpg?AWSAccessKeyId=AKIAI3ATG3OSQLO5HGKA&Expires=1625097600&Signature=NhVK%2BVQ5Alt5omBHf1H8atrXDlI%3D,https://s3.amazonaws.com/omeka-net/59415/archive/files/0fa6c931b396a164f90481c659b967cf.jpg?AWSAccessKeyId=AKIAI3ATG3OSQLO5HGKA&Expires=1625097600&Signature=%2Flbb3Rqv5nnENlvRrJQPHV7AGCE%3D,https://s3.amazonaws.com/omeka-net/59415/archive/square_thumbnails/0fa6c931b396a164f90481c659b967cf.jpg?AWSAccessKeyId=AKIAI3ATG3OSQLO5HGKA&Expires=1625097600&Signature=GplfjlGPQmNgGNhO3q3ygXC9PW4%3D,https://s3.amazonaws.com/omeka-net/59415/archive/thumbnails/0fa6c931b396a164f90481c659b967cf.jpg?AWSAccessKeyId=AKIAI3ATG3OSQLO5HGKA&Expires=1625097600&Signature=pBXh%2Bpy4HbC804d1Edozr62MN3k%3D,0fa6c931b396a164f90481c659b967cf.jpg,True,4,image/jpeg,image/jpeg,2021-05-14T15:03:17+00:00,1_300-page-004.jpg,569847,True,"JPEG image data, JFIF standard 1.01",https://erdinggeschichte.omeka.net/api/files/6
7,2021-04-28T13:09:07+00:00,5772c22cf3ead2d2b47d0a154bb47986,https://s3.amazonaws.com/omeka-net/59415/archive/fullsize/3da486db0cc72bf95d2914f3eed93149.jpg?AWSAccessKeyId=AKIAI3ATG3OSQLO5HGKA&Expires=1625097600&Signature=fUlfQx2Pa7ckcawScD4iqECRa2M%3D,https://s3.amazonaws.com/omeka-net/59415/archive/files/3da486db0cc72bf95d2914f3eed93149.jpg?AWSAccessKeyId=AKIAI3ATG3OSQLO5HGKA&Expires=1625097600&Signature=Wz827JQ2A62EdYqZxYUIgNxIqxo%3D,https://s3.amazonaws.com/omeka-net/59415/archive/square_thumbnails/3da486db0cc72bf95d2914f3eed93149.jpg?AWSAccessKeyId=AKIAI3ATG3OSQLO5HGKA&Expires=1625097600&Signature=Wp0Dg1%2BlBLVZ5FFV18n7hZMRP4A%3D,https://s3.amazonaws.com/omeka-net/59415/archive/thumbnails/3da486db0cc72bf95d2914f3eed93149.jpg?AWSAccessKeyId=AKIAI3ATG3OSQLO5HGKA&Expires=1625097600&Signature=OO5JWg06%2BQnbNZbmslqD5GtklJc%3D,3da486db0cc72bf95d2914f3eed93149.jpg,True,5,image/jpeg,image/jpeg,2021-05-14T15:04:23+00:00,1_300-page-005.jpg,563567,True,"JPEG image data, JFIF standard 1.01",https://erdinggeschichte.omeka.net/api/files/7
8,2021-04-28T13:09:31+00:00,b44eb7033466d81540e6a340eca129ca,https://s3.amazonaws.com/omeka-net/59415/archive/fullsize/18bc652d53d31dc7577f2f5caee0aa0b.jpg?AWSAccessKeyId=AKIAI3ATG3OSQLO5HGKA&Expires=1625097600&Signature=bra0VaAjac3XhaXUNXP9O8VQSXw%3D,https://s3.amazonaws.com/omeka-net/59415/archive/files/18bc652d53d31dc7577f2f5caee0aa0b.jpg?AWSAccessKeyId=AKIAI3ATG3OSQLO5HGKA&Expires=1625097600&Signature=vTQADEioVwQm33NPEq%2FqrlE5KHQ%3D,https://s3.amazonaws.com/omeka-net/59415/archive/square_thumbnails/18bc652d53d31dc7577f2f5caee0aa0b.jpg?AWSAccessKeyId=AKIAI3ATG3OSQLO5HGKA&Expires=1625097600&Signature=%2BszB%2BCk5FC4VumsHOuivbTpl%2BEk%3D,https://s3.amazonaws.com/omeka-net/59415/archive/thumbnails/18bc652d53d31dc7577f2f5caee0aa0b.jpg?AWSAccessKeyId=AKIAI3ATG3OSQLO5HGKA&Expires=1625097600&Signature=%2FywHb800JuVsaunDO1mDIpHiE1U%3D,18bc652d53d31dc7577f2f5caee0aa0b.jpg,True,6,image/jpeg,image/jpeg,2021-05-14T15:05:08+00:00,1_300-page-006.jpg,562323,True,"JPEG image data, JFIF standard 1.01",https://erdinggeschichte.omeka.net/api/files/8
9,2021-04-28T13:09:53+00:00,b3d02987a6c26fce5d505247852669a1,https://s3.amazonaws.com/omeka-net/59415/archive/fullsize/dc7b0eb39af741a6f4e6b6d498933c88.jpg?AWSAccessKeyId=AKIAI3ATG3OSQLO5HGKA&Expires=1625097600&Signature=s2K8djx6spVcqJDkXvBgPQGMey4%3D,https://s3.amazonaws.com/omeka-net/59415/archive/files/dc7b0eb39af741a6f4e6b6d498933c88.jpg?AWSAccessKeyId=AKIAI3ATG3OSQLO5HGKA&Expires=1625097600&Signature=9jBzK0du0o3OZmq%2F%2FaIXwHkLmHQ%3D,https://s3.amazonaws.com/omeka-net/59415/archive/square_thumbnails/dc7b0eb39af741a6f4e6b6d498933c88.jpg?AWSAccessKeyId=AKIAI3ATG3OSQLO5HGKA&Expires=1625097600&Signature=627fk9s%2F9inoLKyKVW1k7YK84I4%3D,https://s3.amazonaws.com/omeka-net/59415/archive/thumbnails/dc7b0eb39af741a6f4e6b6d498933c88.jpg?AWSAccessKeyId=AKIAI3ATG3OSQLO5HGKA&Expires=1625097600&Signature=M6lMKGXef0nph41%2F941Y%2B3erKKY%3D,dc7b0eb39af741a6f4e6b6d498933c88.jpg,True,7,image/jpeg,image/jpeg,2021-05-14T15:05:41+00:00,1_300-page-007.jpg,541963,True,"JPEG image data, JFIF standard 1.01",https://erdinggeschichte.omeka.net/api/files/9
10,2021-04-28T13:10:19+00:00,1eccfe965e36a882b95f3044a5d07019,https://s3.amazonaws.com/omeka-net/59415/archive/fullsize/6a385802d69e8a15b5aa69aec216218a.jpg?AWSAccessKeyId=AKIAI3ATG3OSQLO5HGKA&Expires=1625097600&Signature=nbaVzNyFHBOyF5X4uAe1qaKN2Hs%3D,https://s3.amazonaws.com/omeka-net/59415/archive/files/6a385802d69e8a15b5aa69aec216218a.jpg?AWSAccessKeyId=AKIAI3ATG3OSQLO5HGKA&Expires=1625097600&Signature=C%2BjCrvP6CYynILyng5CKuvDdJ8M%3D,https://s3.amazonaws.com/omeka-net/59415/archive/square_thumbnails/6a385802d69e8a15b5aa69aec216218a.jpg?AWSAccessKeyId=AKIAI3ATG3OSQLO5HGKA&Expires=1625097600&Signature=qcCuvtwnsOorxwScLxyW932kbsI%3D,https://s3.amazonaws.com/omeka-net/59415/archive/thumbnails/6a385802d69e8a15b5aa69aec216218a.jpg?AWSAccessKeyId=AKIAI3ATG3OSQLO5HGKA&Expires=1625097600&Signature=HIIIxx2UhQ4lzaZAFcO0aHpQxFM%3D,6a385802d69e8a15b5aa69aec216218a.jpg,True,8,image/jpeg,image/jpeg,2021-05-14T15:06:13+00:00,1_300-page-008.jpg,533146,True,"JPEG image data, JFIF standard 1.01",https://erdinggeschichte.omeka.net/api/files/10
11,2021-04-28T13:10:42+00:00,3b4967b479cd7b40c0d965839fd9b384,https://s3.amazonaws.com/omeka-net/59415/archive/fullsize/4cfe77b431938a5c3541711ed9ca91f8.jpg?AWSAccessKeyId=AKIAI3ATG3OSQLO5HGKA&Expires=1625097600&Signature=sFxgu4vAacWnzmNzEE2wEE6GGm4%3D,https://s3.amazonaws.com/omeka-net/59415/archive/files/4cfe77b431938a5c3541711ed9ca91f8.jpg?AWSAccessKeyId=AKIAI3ATG3OSQLO5HGKA&Expires=1625097600&Signature=VColLDwL1zM7Yo95sYKUFbUMgyI%3D,https://s3.amazonaws.com/omeka-net/59415/archive/square_thumbnails/4cfe77b431938a5c3541711ed9ca91f8.jpg?AWSAccessKeyId=AKIAI3ATG3OSQLO5HGKA&Expires=1625097600&Signature=bHpWqbVBpiEkv6g5571O%2BLjcu8o%3D,https://s3.amazonaws.com/omeka-net/59415/archive/thumbnails/4cfe77b431938a5c3541711ed9ca91f8.jpg?AWSAccessKeyId=AKIAI3ATG3OSQLO5HGKA&Expires=1625097600&Signature=Yu6WjZwiWZImevOIrHudt1r8KLI%3D,4cfe77b431938a5c3541711ed9ca91f8.jpg,True,9,image/jpeg,image/jpeg,2021-05-14T15:06:43+00:00,1_300-page-009.jpg,560393,True,"JPEG image data, JFIF standard 1.01",https://erdinggeschichte.omeka.net/api/files/11
12,2021-04-28T13:11:03+00:00,d1a58132a9b856102f58f7278ecc9326,https://s3.amazonaws.com/omeka-net/59415/archive/fullsize/57e9b426af7b2efe73ed2f507f265df2.jpg?AWSAccessKeyId=AKIAI3ATG3OSQLO5HGKA&Expires=1625097600&Signature=4sOKd70AFcvDrffji7YmcWPodFY%3D,https://s3.amazonaws.com/omeka-net/59415/archive/files/57e9b426af7b2efe73ed2f507f265df2.jpg?AWSAccessKeyId=AKIAI3ATG3OSQLO5HGKA&Expires=1625097600&Signature=k98BVifTbaVsoHZKCuo91MkUw2o%3D,https://s3.amazonaws.com/omeka-net/59415/archive/square_thumbnails/57e9b426af7b2efe73ed2f507f265df2.jpg?AWSAccessKeyId=AKIAI3ATG3OSQLO5HGKA&Expires=1625097600&Signature=Z%2B6sYmAWXOpAGQR0kyKARGNlU6s%3D,https://s3.amazonaws.com/omeka-net/59415/archive/thumbnails/57e9b426af7b2efe73ed2f507f265df2.jpg?AWSAccessKeyId=AKIAI3ATG3OSQLO5HGKA&Expires=1625097600&Signature=P0PO%2F8GMmUtRz%2BcNEZDH1XJdbfU%3D,57e9b426af7b2efe73ed2f507f265df2.jpg,True,10,image/jpeg,image/jpeg,2021-05-14T15:07:15+00:00,1_300-page-010.jpg,565679,True,"JPEG image data, JFIF standard 1.01",https://erdinggeschichte.omeka.net/api/files/12
13,2021-05-14T13:43:25+00:00,06117284d881dce5ae079f350fe63257,https://s3.amazonaws.com/omeka-net/59415/archive/fullsize/f5e2a2a5d142486f307a51bb07b66d22.jpg?AWSAccessKeyId=AKIAI3ATG3OSQLO5HGKA&Expires=1625097600&Signature=r1tHsvn43Fp9MW3HZuBbuQ%2B%2FVxs%3D,https://s3.amazonaws.com/omeka-net/59415/archive/files/f5e2a2a5d142486f307a51bb07b66d22.jpg?AWSAccessKeyId=AKIAI3ATG3OSQLO5HGKA&Expires=1625097600&Signature=kE%2F4JKCRXYLbmRPs8aTr2QHAO0I%3D,https://s3.amazonaws.com/omeka-net/59415/archive/square_thumbnails/f5e2a2a5d142486f307a51bb07b66d22.jpg?AWSAccessKeyId=AKIAI3ATG3OSQLO5HGKA&Expires=1625097600&Signature=hQdDph5zEwu2HQflOUolOcFP4rI%3D,https://s3.amazonaws.com/omeka-net/59415/archive/thumbnails/f5e2a2a5d142486f307a51bb07b66d22.jpg?AWSAccessKeyId=AKIAI3ATG3OSQLO5HGKA&Expires=1625097600&Signature=j%2BouYFyDu2ukKatnSUkuFSw%2FcJM%3D,f5e2a2a5d142486f307a51bb07b66d22.jpg,True,43,image/jpeg,image/jpeg,2021-05-14T13:45:29+00:00,2 - 0001.jpg,1292041,True,"JPEG image data, JFIF standard 1.01",https://erdinggeschichte.omeka.net/api/files/13
14,2021-05-14T13:44:20+00:00,0693d4dce222fdb095206400d0bfe9a4,https://s3.amazonaws.com/omeka-net/59415/archive/fullsize/885ac5c95e0abcdbe01244f1d0e1a913.jpg?AWSAccessKeyId=AKIAI3ATG3OSQLO5HGKA&Expires=1625097600&Signature=rmrh7z0b1Glrfebr1AkKeoiik9k%3D,https://s3.amazonaws.com/omeka-net/59415/archive/files/885ac5c95e0abcdbe01244f1d0e1a913.jpg?AWSAccessKeyId=AKIAI3ATG3OSQLO5HGKA&Expires=1625097600&Signature=OMgPgL4q0bT1e4Z4x9%2BL7qAdulY%3D,https://s3.amazonaws.com/omeka-net/59415/archive/square_thumbnails/885ac5c95e0abcdbe01244f1d0e1a913.jpg?AWSAccessKeyId=AKIAI3ATG3OSQLO5HGKA&Expires=1625097600&Signature=bs97ghTj9fXUz56dvUpOLbfSKCA%3D,https://s3.amazonaws.com/omeka-net/59415/archive/thumbnails/885ac5c95e0abcdbe01244f1d0e1a913.jpg?AWSAccessKeyId=AKIAI3ATG3OSQLO5HGKA&Expires=1625097600&Signature=vVTXkNb8dN99ZtTHBxbDGNTuYTg%3D,885ac5c95e0abcdbe01244f1d0e1a913.jpg,True,44,image/jpeg,image/jpeg,2021-05-14T13:45:43+00:00,2 - 0002.jpg,1104643,True,"JPEG image data, JFIF standard 1.01",https://erdinggeschichte.omeka.net/api/files/14
15,2021-05-14T13:45:01+00:00,85816ed2f9c59ed2e6bd442c8ea4a086,https://s3.amazonaws.com/omeka-net/59415/archive/fullsize/fc0769fccfbc88e09bda102880aad99a.jpg?AWSAccessKeyId=AKIAI3ATG3OSQLO5HGKA&Expires=1625097600&Signature=zlawn%2F%2BkUXQ5Dgg1PrEHXC5Y74A%3D,https://s3.amazonaws.com/omeka-net/59415/archive/files/fc0769fccfbc88e09bda102880aad99a.jpg?AWSAccessKeyId=AKIAI3ATG3OSQLO5HGKA&Expires=1625097600&Signature=rtsjaNz4hoSlt5KS2gmk6FKxT0c%3D,https://s3.amazonaws.com/omeka-net/59415/archive/square_thumbnails/fc0769fccfbc88e09bda102880aad99a.jpg?AWSAccessKeyId=AKIAI3ATG3OSQLO5HGKA&Expires=1625097600&Signature=mqZgkJl35suvouOFPMnrXRcM0E4%3D,https://s3.amazonaws.com/omeka-net/59415/archive/thumbnails/fc0769fccfbc88e09bda102880aad99a.jpg?AWSAccessKeyId=AKIAI3ATG3OSQLO5HGKA&Expires=1625097600&Signature=NhSDUshTLUkkHOS%2F7WrSdqnIdvI%3D,fc0769fccfbc88e09bda102880aad99a.jpg,True,45,image/jpeg,image/jpeg,2021-05-14T13:45:49+00:00,2 - 0003.jpg,1646770,True,"JPEG image data, JFIF standard 1.01",https://erdinggeschichte.omeka.net/api/files/15
16,2021-05-14T13:46:27+00:00,b70b4ac6ff5184d3b3e29a4f3ccbc017,https://s3.amazonaws.com/omeka-net/59415/archive/fullsize/72418b26380b3bb1efd5983f00986666.jpg?AWSAccessKeyId=AKIAI3ATG3OSQLO5HGKA&Expires=1625097600&Signature=tlTfCBSSAM5t0A3nuHFBcFU1Xqs%3D,https://s3.amazonaws.com/omeka-net/59415/archive/files/72418b26380b3bb1efd5983f00986666.jpg?AWSAccessKeyId=AKIAI3ATG3OSQLO5HGKA&Expires=1625097600&Signature=lE2o0uOmABRMjh5sfaN0FPS7OIU%3D,https://s3.amazonaws.com/omeka-net/59415/archive/square_thumbnails/72418b26380b3bb1efd5983f00986666.jpg?AWSAccessKeyId=AKIAI3ATG3OSQLO5HGKA&Expires=1625097600&Signature=rrJIcXDebiaMI6FD5DmTZ1fF5mw%3D,https://s3.amazonaws.com/omeka-net/59415/archive/thumbnails/72418b26380b3bb1efd5983f00986666.jpg?AWSAccessKeyId=AKIAI3ATG3OSQLO5HGKA&Expires=1625097600&Signature=CnDU6UCvxsQY3AhP%2FM9tk31KQGs%3D,72418b26380b3bb1efd5983f00986666.jpg,True,46,image/jpeg,image/jpeg,2021-05-14T13:46:32+00:00,2 - 0004.jpg,1261157,True,"JPEG image data, JFIF standard 1.01",https://erdinggeschichte.omeka.net/api/files/16
17,2021-05-14T13:47:39+00:00,77c7301afeb5d1b09681350e710ce467,https://s3.amazonaws.com/omeka-net/59415/archive/fullsize/1ca7841d4babf8af1e365b4b9b6516cf.jpg?AWSAccessKeyId=AKIAI3ATG3OSQLO5HGKA&Expires=1625097600&Signature=56dMT0mvP5v1Ix25NFB%2Bc%2FNVAxc%3D,https://s3.amazonaws.com/omeka-net/59415/archive/files/1ca7841d4babf8af1e365b4b9b6516cf.jpg?AWSAccessKeyId=AKIAI3ATG3OSQLO5HGKA&Expires=1625097600&Signature=6Yz86Oa9mhmkYY66G8TTeQnhjtM%3D,https://s3.amazonaws.com/omeka-net/59415/archive/square_thumbnails/1ca7841d4babf8af1e365b4b9b6516cf.jpg?AWSAccessKeyId=AKIAI3ATG3OSQLO5HGKA&Expires=1625097600&Signature=aciTQdAYvl0ODeyfuTnO%2Bj8KB1M%3D,https://s3.amazonaws.com/omeka-net/59415/archive/thumbnails/1ca7841d4babf8af1e365b4b9b6516cf.jpg?AWSAccessKeyId=AKIAI3ATG3OSQLO5HGKA&Expires=1625097600&Signature=TiazBnJPnPNcLNoYV5JAe9hvCnI%3D,1ca7841d4babf8af1e365b4b9b6516cf.jpg,True,47,image/jpeg,image/jpeg,2021-05-14T13:47:44+00:00,2 - 0005.jpg,1366459,True,"JPEG image data, JFIF standard 1.01",https://erdinggeschichte.omeka.net/api/files/17
18,2021-05-14T13:48:16+00:00,a5ba75f1903195c8d26a160fd10282e4,https://s3.amazonaws.com/omeka-net/59415/archive/fullsize/a5c663d9ba9a268650763f5842d52170.jpg?AWSAccessKeyId=AKIAI3ATG3OSQLO5HGKA&Expires=1625097600&Signature=Rq0iTzQAEs35e9ehZLKOOkoc16Y%3D,https://s3.amazonaws.com/omeka-net/59415/archive/files/a5c663d9ba9a268650763f5842d52170.jpg?AWSAccessKeyId=AKIAI3ATG3OSQLO5HGKA&Expires=1625097600&Signature=qU7Q80ZqBRruyqv7tw2sWYWASAs%3D,https://s3.amazonaws.com/omeka-net/59415/archive/square_thumbnails/a5c663d9ba9a268650763f5842d52170.jpg?AWSAccessKeyId=AKIAI3ATG3OSQLO5HGKA&Expires=1625097600&Signature=iUwBfmj1bIdv5Jm9QduOtMf3nwc%3D,https://s3.amazonaws.com/omeka-net/59415/archive/thumbnails/a5c663d9ba9a268650763f5842d52170.jpg?AWSAccessKeyId=AKIAI3ATG3OSQLO5HGKA&Expires=1625097600&Signature=UIMWuOBH1T3eOcc5Mr7rQ3wTYlk%3D,a5c663d9ba9a268650763f5842d52170.jpg,True,48,image/jpeg,image/jpeg,2021-05-14T13:48:21+00:00,2 - 0006.jpg,1287864,True,"JPEG image data, JFIF standard 1.01",https://erdinggeschichte.omeka.net/api/files/18
19,2021-05-14T13:49:07+00:00,93408d26f3ca87c2ceab59b5f4120aa4,https://s3.amazonaws.com/omeka-net/59415/archive/fullsize/0c9f07ee4edc55a3894dc7d93b024f97.jpg?AWSAccessKeyId=AKIAI3ATG3OSQLO5HGKA&Expires=1625097600&Signature=QbPDv9sDPu8XpHNlCwANriPWa2g%3D,https://s3.amazonaws.com/omeka-net/59415/archive/files/0c9f07ee4edc55a3894dc7d93b024f97.jpg?AWSAccessKeyId=AKIAI3ATG3OSQLO5HGKA&Expires=1625097600&Signature=BooBoYhB%2BJM0god%2Bz9B2EF1q17o%3D,https://s3.amazonaws.com/omeka-net/59415/archive/square_thumbnails/0c9f07ee4edc55a3894dc7d93b024f97.jpg?AWSAccessKeyId=AKIAI3ATG3OSQLO5HGKA&Expires=1625097600&Signature=DtCQC6xeTnQMA5oBY%2B4fVc4CeRg%3D,https://s3.amazonaws.com/omeka-net/59415/archive/thumbnails/0c9f07ee4edc55a3894dc7d93b024f97.jpg?AWSAccessKeyId=AKIAI3ATG3OSQLO5HGKA&Expires=1625097600&Signature=vfUBERKA3LtBfoX4NtzBPiXb3T8%3D,0c9f07ee4edc55a3894dc7d93b024f97.jpg,True,49,image/jpeg,image/jpeg,2021-05-14T13:49:11+00:00,2 - 0007.jpg,1632327,True,"JPEG image data, JFIF standard 1.01",https://erdinggeschichte.omeka.net/api/files/19
20,2021-05-14T13:49:56+00:00,2eadba8c2d31780995914a01c09562bf,https://s3.amazonaws.com/omeka-net/59415/archive/fullsize/0c9b0af23bc1b5940ed864a7c7f35008.jpg?AWSAccessKeyId=AKIAI3ATG3OSQLO5HGKA&Expires=1625097600&Signature=R8qpn966CtPrHIpuhA16yCw8GjI%3D,https://s3.amazonaws.com/omeka-net/59415/archive/files/0c9b0af23bc1b5940ed864a7c7f35008.jpg?AWSAccessKeyId=AKIAI3ATG3OSQLO5HGKA&Expires=1625097600&Signature=g%2BiTraxVJsT1OZk0f4FwRwuRp%2Bk%3D,https://s3.amazonaws.com/omeka-net/59415/archive/square_thumbnails/0c9b0af23bc1b5940ed864a7c7f35008.jpg?AWSAccessKeyId=AKIAI3ATG3OSQLO5HGKA&Expires=1625097600&Signature=%2F8V55AD27SXp%2B417aJ1A5iB1la0%3D,https://s3.amazonaws.com/omeka-net/59415/archive/thumbnails/0c9b0af23bc1b5940ed864a7c7f35008.jpg?AWSAccessKeyId=AKIAI3ATG3OSQLO5HGKA&Expires=1625097600&Signature=1a3yX%2F2aAFRrQh91Jg7KtxS1YgA%3D,0c9b0af23bc1b5940ed864a7c7f35008.jpg,True,50,image/jpeg,image/jpeg,2021-05-14T13:50:02+00:00,2 - 0008.jpg,1629227,True,"JPEG image data, JFIF standard 1.01",https://erdinggeschichte.omeka.net/api/files/20
21,2021-05-14T13:50:36+00:00,ab65845385c82c6fc0c1126527ea907b,https://s3.amazonaws.com/omeka-net/59415/archive/fullsize/7859dbc9d3338194a5f927d72a66c633.jpg?AWSAccessKeyId=AKIAI3ATG3OSQLO5HGKA&Expires=1625097600&Signature=W41C6xOMHFiItzYA0A48KbAQnAk%3D,https://s3.amazonaws.com/omeka-net/59415/archive/files/7859dbc9d3338194a5f927d72a66c633.jpg?AWSAccessKeyId=AKIAI3ATG3OSQLO5HGKA&Expires=1625097600&Signature=ERKj03WtW7ifn2r7BsbnhqqpjZc%3D,https://s3.amazonaws.com/omeka-net/59415/archive/square_thumbnails/7859dbc9d3338194a5f927d72a66c633.jpg?AWSAccessKeyId=AKIAI3ATG3OSQLO5HGKA&Expires=1625097600&Signature=uj0A97yPK%2BClQCqnH%2BZ9jvjkjDw%3D,https://s3.amazonaws.com/omeka-net/59415/archive/thumbnails/7859dbc9d3338194a5f927d72a66c633.jpg?AWSAccessKeyId=AKIAI3ATG3OSQLO5HGKA&Expires=1625097600&Signature=wMP9sb7PHActPDqd5ppw3CS0kKY%3D,7859dbc9d3338194a5f927d72a66c633.jpg,True,51,image/jpeg,image/jpeg,2021-05-14T13:50:42+00:00,2 - 0009.jpg,1269599,True,"JPEG image data, JFIF standard 1.01",https://erdinggeschichte.omeka.net/api/files/21
22,2021-05-14T13:51:13+00:00,aa373759939ebf36ff14d77e2b75741b,https://s3.amazonaws.com/omeka-net/59415/archive/fullsize/27670d3748e210f85b0f21e4dfd46ab0.jpg?AWSAccessKeyId=AKIAI3ATG3OSQLO5HGKA&Expires=1625097600&Signature=%2BPpkmIEzg9XdFVZ2Lk96i%2FvXb3Q%3D,https://s3.amazonaws.com/omeka-net/59415/archive/files/27670d3748e210f85b0f21e4dfd46ab0.jpg?AWSAccessKeyId=AKIAI3ATG3OSQLO5HGKA&Expires=1625097600&Signature=3WmiGK%2F5tD1Fl3ZX00mBenSiZ8Q%3D,https://s3.amazonaws.com/omeka-net/59415/archive/square_thumbnails/27670d3748e210f85b0f21e4dfd46ab0.jpg?AWSAccessKeyId=AKIAI3ATG3OSQLO5HGKA&Expires=1625097600&Signature=otjMbyjd2B0wFxK%2FbbPlClSzWo8%3D,https://s3.amazonaws.com/omeka-net/59415/archive/thumbnails/27670d3748e210f85b0f21e4dfd46ab0.jpg?AWSAccessKeyId=AKIAI3ATG3OSQLO5HGKA&Expires=1625097600&Signature=nh88BYwqtPCPYbkovQqAIxmdB50%3D,27670d3748e210f85b0f21e4dfd46ab0.jpg,True,52,image/jpeg,image/jpeg,2021-05-14T13:51:18+00:00,2 - 0010.jpg,1333010,True,"JPEG image data, JFIF standard 1.01",https://erdinggeschichte.omeka.net/api/files/22
23,2021-05-14T13:51:58+00:00,4d9db68702886c12182b9db40edb62f0,https://s3.amazonaws.com/omeka-net/59415/archive/fullsize/3815be97009caa4d6aed095501b57c32.jpg?AWSAccessKeyId=AKIAI3ATG3OSQLO5HGKA&Expires=1625097600&Signature=UBpesAA0Ot8MO6559pXa1lhrSU0%3D,https://s3.amazonaws.com/omeka-net/59415/archive/files/3815be97009caa4d6aed095501b57c32.jpg?AWSAccessKeyId=AKIAI3ATG3OSQLO5HGKA&Expires=1625097600&Signature=c%2B1ouiu0ppK1l5M%2FZ6nTKoeAC%2Bs%3D,https://s3.amazonaws.com/omeka-net/59415/archive/square_thumbnails/3815be97009caa4d6aed095501b57c32.jpg?AWSAccessKeyId=AKIAI3ATG3OSQLO5HGKA&Expires=1625097600&Signature=%2F2tJ0ocWw%2B8BNs24kisqTk5Szqg%3D,https://s3.amazonaws.com/omeka-net/59415/archive/thumbnails/3815be97009caa4d6aed095501b57c32.jpg?AWSAccessKeyId=AKIAI3ATG3OSQLO5HGKA&Expires=1625097600&Signature=cI8qoRBAj1eFlWTn4Jt6JzF4asw%3D,3815be97009caa4d6aed095501b57c32.jpg,True,53,image/jpeg,image/jpeg,2021-05-14T13:52:03+00:00,2 - 0011.jpg,1390224,True,"JPEG image data, JFIF standard 1.01",https://erdinggeschichte.omeka.net/api/files/23
24,2021-05-14T13:52:37+00:00,fa02c7f5e5d0d22aa22bcd1ba7d17f38,https://s3.amazonaws.com/omeka-net/59415/archive/fullsize/9172251aca54e8b6118174e78af96505.jpg?AWSAccessKeyId=AKIAI3ATG3OSQLO5HGKA&Expires=1625097600&Signature=8HYzcs3pONLeXFYal9uE8RrkLrg%3D,https://s3.amazonaws.com/omeka-net/59415/archive/files/9172251aca54e8b6118174e78af96505.jpg?AWSAccessKeyId=AKIAI3ATG3OSQLO5HGKA&Expires=1625097600&Signature=W2%2F3w5iFJfMnZC%2BUDOPHLFu3Ahk%3D,https://s3.amazonaws.com/omeka-net/59415/archive/square_thumbnails/9172251aca54e8b6118174e78af96505.jpg?AWSAccessKeyId=AKIAI3ATG3OSQLO5HGKA&Expires=1625097600&Signature=zLNj1VRykNgOlV4HGu9unTr2HAA%3D,https://s3.amazonaws.com/omeka-net/59415/archive/thumbnails/9172251aca54e8b6118174e78af96505.jpg?AWSAccessKeyId=AKIAI3ATG3OSQLO5HGKA&Expires=1625097600&Signature=A3FgzMpuqgBY3qHZnPZREy8t1IU%3D,9172251aca54e8b6118174e78af96505.jpg,True,54,image/jpeg,image/jpeg,2021-05-14T13:52:42+00:00,2 - 0012.jpg,1627066,True,"JPEG image data, JFIF standard 1.01",https://erdinggeschichte.omeka.net/api/files/24
25,2021-05-14T13:53:08+00:00,7ed1111cffa832b035565ee5418518ba,https://s3.amazonaws.com/omeka-net/59415/archive/fullsize/7e4187c78ba587b59b8851910a30e992.jpg?AWSAccessKeyId=AKIAI3ATG3OSQLO5HGKA&Expires=1625097600&Signature=83kElIeWFDzdJVOmOcVqmBjFX3s%3D,https://s3.amazonaws.com/omeka-net/59415/archive/files/7e4187c78ba587b59b8851910a30e992.jpg?AWSAccessKeyId=AKIAI3ATG3OSQLO5HGKA&Expires=1625097600&Signature=LU0t7zuzesU5oR97sUBklVkSskM%3D,https://s3.amazonaws.com/omeka-net/59415/archive/square_thumbnails/7e4187c78ba587b59b8851910a30e992.jpg?AWSAccessKeyId=AKIAI3ATG3OSQLO5HGKA&Expires=1625097600&Signature=r7TTdXfgLqndSxuhjY%2FiIuOgyko%3D,https://s3.amazonaws.com/omeka-net/59415/archive/thumbnails/7e4187c78ba587b59b8851910a30e992.jpg?AWSAccessKeyId=AKIAI3ATG3OSQLO5HGKA&Expires=1625097600&Signature=MNARKDD%2BnI%2BO2xf2i5ruoV%2B7uF8%3D,7e4187c78ba587b59b8851910a30e992.jpg,True,55,image/jpeg,image/jpeg,2021-05-14T13:53:13+00:00,2 - 0013.jpg,1112459,True,"JPEG image data, JFIF standard 1.01",https://erdinggeschichte.omeka.net/api/files/25
26,2021-05-14T13:53:37+00:00,c8a658dfe34b632d45bdfd0d6cdeacd8,https://s3.amazonaws.com/omeka-net/59415/archive/fullsize/290eb193041422f942451cf0d97d72e4.jpg?AWSAccessKeyId=AKIAI3ATG3OSQLO5HGKA&Expires=1625097600&Signature=WR%2Fc08KGPQlahIZg5M91bNZSUXg%3D,https://s3.amazonaws.com/omeka-net/59415/archive/files/290eb193041422f942451cf0d97d72e4.jpg?AWSAccessKeyId=AKIAI3ATG3OSQLO5HGKA&Expires=1625097600&Signature=jWNvlWes0vfOlO951C4c09zWE5c%3D,https://s3.amazonaws.com/omeka-net/59415/archive/square_thumbnails/290eb193041422f942451cf0d97d72e4.jpg?AWSAccessKeyId=AKIAI3ATG3OSQLO5HGKA&Expires=1625097600&Signature=2RHSbXRV0WgpQ8szkpEp4LuiWV0%3D,https://s3.amazonaws.com/omeka-net/59415/archive/thumbnails/290eb193041422f942451cf0d97d72e4.jpg?AWSAccessKeyId=AKIAI3ATG3OSQLO5HGKA&Expires=1625097600&Signature=rCSnU7buZ17haAvejuNhiTttIGY%3D,290eb193041422f942451cf0d97d72e4.jpg,True,56,image/jpeg,image/jpeg,2021-05-14T13:53:43+00:00,2 - 0014.jpg,810253,True,"JPEG image data, JFIF standard 1.01",https://erdinggeschichte.omeka.net/api/files/26
27,2021-05-14T13:58:15+00:00,dc65fea61676df844c8385c7e4d9415e,https://s3.amazonaws.com/omeka-net/59415/archive/fullsize/c47c3f41260682607fa6d283e2ff1c49.jpg?AWSAccessKeyId=AKIAI3ATG3OSQLO5HGKA&Expires=1625097600&Signature=7kC66y7YdZUUXCPzO1OZ0X%2Fmxs8%3D,https://s3.amazonaws.com/omeka-net/59415/archive/files/c47c3f41260682607fa6d283e2ff1c49.jpg?AWSAccessKeyId=AKIAI3ATG3OSQLO5HGKA&Expires=1625097600&Signature=NFAEPraFabKyIanWBn0xwXc3VSc%3D,https://s3.amazonaws.com/omeka-net/59415/archive/square_thumbnails/c47c3f41260682607fa6d283e2ff1c49.jpg?AWSAccessKeyId=AKIAI3ATG3OSQLO5HGKA&Expires=1625097600&Signature=e%2F%2BxDmEBmY22K9TpJBfkcomspWo%3D,https://s3.amazonaws.com/omeka-net/59415/archive/thumbnails/c47c3f41260682607fa6d283e2ff1c49.jpg?AWSAccessKeyId=AKIAI3ATG3OSQLO5HGKA&Expires=1625097600&Signature=PTHv8lseXToqe4bk3PqP%2BqE%2Fn2g%3D,c47c3f41260682607fa6d283e2ff1c49.jpg,True,57,image/jpeg,image/jpeg,2021-05-14T13:58:20+00:00,3 - 0001.jpg,1162825,True,"JPEG image data, JFIF standard 1.01",https://erdinggeschichte.omeka.net/api/files/27
28,2021-05-14T13:59:18+00:00,63e4231fda8e9c38d6737f55c6e41b21,https://s3.amazonaws.com/omeka-net/59415/archive/fullsize/dfd13eebdaff5427d765428af151919d.jpg?AWSAccessKeyId=AKIAI3ATG3OSQLO5HGKA&Expires=1625097600&Signature=84wbWMHgXTCePY5Jg470I3MnGek%3D,https://s3.amazonaws.com/omeka-net/59415/archive/files/dfd13eebdaff5427d765428af151919d.jpg?AWSAccessKeyId=AKIAI3ATG3OSQLO5HGKA&Expires=1625097600&Signature=Yy1AdSIvyXQxQ7IHS9eV9Oqze%2Fc%3D,https://s3.amazonaws.com/omeka-net/59415/archive/square_thumbnails/dfd13eebdaff5427d765428af151919d.jpg?AWSAccessKeyId=AKIAI3ATG3OSQLO5HGKA&Expires=1625097600&Signature=wqeNEry%2FIsrxHvYFnqNdYpE3A38%3D,https://s3.amazonaws.com/omeka-net/59415/archive/thumbnails/dfd13eebdaff5427d765428af151919d.jpg?AWSAccessKeyId=AKIAI3ATG3OSQLO5HGKA&Expires=1625097600&Signature=3aYMc7b2FyUL5gPjGsf2x7mFpSY%3D,dfd13eebdaff5427d765428af151919d.jpg,True,58,image/jpeg,image/jpeg,2021-05-14T13:59:23+00:00,3 - 0002.jpg,1245525,True,"JPEG image data, JFIF standard 1.01",https://erdinggeschichte.omeka.net/api/files/28
29,2021-05-14T13:59:58+00:00,f842e98b4e609c5598a65fd90bfea721,https://s3.amazonaws.com/omeka-net/59415/archive/fullsize/bbee2450d7538dde741f286c4a0c0542.jpg?AWSAccessKeyId=AKIAI3ATG3OSQLO5HGKA&Expires=1625097600&Signature=tZ3yUFNcg5Zx2s4nGXwkoGNly2k%3D,https://s3.amazonaws.com/omeka-net/59415/archive/files/bbee2450d7538dde741f286c4a0c0542.jpg?AWSAccessKeyId=AKIAI3ATG3OSQLO5HGKA&Expires=1625097600&Signature=C51z5zyCwWiFqV1cCyA0vC0B%2Ba0%3D,https://s3.amazonaws.com/omeka-net/59415/archive/square_thumbnails/bbee2450d7538dde741f286c4a0c0542.jpg?AWSAccessKeyId=AKIAI3ATG3OSQLO5HGKA&Expires=1625097600&Signature=%2FG5TvX6ZgS2WwDEB35UM0lomIN0%3D,https://s3.amazonaws.com/omeka-net/59415/archive/thumbnails/bbee2450d7538dde741f286c4a0c0542.jpg?AWSAccessKeyId=AKIAI3ATG3OSQLO5HGKA&Expires=1625097600&Signature=y3ZZU%2B6GKz627xuPeLUKSOSpM7k%3D,bbee2450d7538dde741f286c4a0c0542.jpg,True,59,image/jpeg,image/jpeg,2021-05-14T14:00:03+00:00,3 - 0003.jpg,1362312,True,"JPEG image data, JFIF standard 1.01",https://erdinggeschichte.omeka.net/api/files/29
30,2021-05-14T14:00:38+00:00,34ce6243dfefa41f19e746eb0ed2d207,https://s3.amazonaws.com/omeka-net/59415/archive/fullsize/f2b54ac8a85464684e3e91a791a5283d.jpg?AWSAccessKeyId=AKIAI3ATG3OSQLO5HGKA&Expires=1625097600&Signature=WN260llzKHK59SrMc%2FlA%2BevI6BE%3D,https://s3.amazonaws.com/omeka-net/59415/archive/files/f2b54ac8a85464684e3e91a791a5283d.jpg?AWSAccessKeyId=AKIAI3ATG3OSQLO5HGKA&Expires=1625097600&Signature=fgNEixn2s%2FT9pKIcz21W8yBwQKI%3D,https://s3.amazonaws.com/omeka-net/59415/archive/square_thumbnails/f2b54ac8a85464684e3e91a791a5283d.jpg?AWSAccessKeyId=AKIAI3ATG3OSQLO5HGKA&Expires=1625097600&Signature=hkoh%2Fi%2FQIs2xgyqba9UU%2BCYtIn4%3D,https://s3.amazonaws.com/omeka-net/59415/archive/thumbnails/f2b54ac8a85464684e3e91a791a5283d.jpg?AWSAccessKeyId=AKIAI3ATG3OSQLO5HGKA&Expires=1625097600&Signature=061yh7RwvRTn7V052mXiJyVAVg4%3D,f2b54ac8a85464684e3e91a791a5283d.jpg,True,60,image/jpeg,image/jpeg,2021-05-14T14:00:42+00:00,3 - 0004.jpg,1299051,True,"JPEG image data, JFIF standard 1.01",https://erdinggeschichte.omeka.net/api/files/30
31,2021-05-14T14:01:14+00:00,b1d3ffdd15b08aa3416183576a2e9369,https://s3.amazonaws.com/omeka-net/59415/archive/fullsize/38f64576b38ff2811b2c678a821162d2.jpg?AWSAccessKeyId=AKIAI3ATG3OSQLO5HGKA&Expires=1625097600&Signature=4CvnMFYsR0A8pW2i0B6hk7WCUcU%3D,https://s3.amazonaws.com/omeka-net/59415/archive/files/38f64576b38ff2811b2c678a821162d2.jpg?AWSAccessKeyId=AKIAI3ATG3OSQLO5HGKA&Expires=1625097600&Signature=uN93gDprx2bRNA3p3U5jpCX4NII%3D,https://s3.amazonaws.com/omeka-net/59415/archive/square_thumbnails/38f64576b38ff2811b2c678a821162d2.jpg?AWSAccessKeyId=AKIAI3ATG3OSQLO5HGKA&Expires=1625097600&Signature=L1Yk1agyBmn%2FpESpTuBxVHQuzv8%3D,https://s3.amazonaws.com/omeka-net/59415/archive/thumbnails/38f64576b38ff2811b2c678a821162d2.jpg?AWSAccessKeyId=AKIAI3ATG3OSQLO5HGKA&Expires=1625097600&Signature=CPjM6V%2BwyKn6hBSINtfOdgcRXXM%3D,38f64576b38ff2811b2c678a821162d2.jpg,True,61,image/jpeg,image/jpeg,2021-05-14T14:01:19+00:00,3 - 0005.jpg,1304503,True,"JPEG image data, JFIF standard 1.01",https://erdinggeschichte.omeka.net/api/files/31
32,2021-05-14T14:01:57+00:00,c2d00e8173d70a3abb9a596985d2f536,https://s3.amazonaws.com/omeka-net/59415/archive/fullsize/bfafc6dd068b99ec3c13a886fa06c52e.jpg?AWSAccessKeyId=AKIAI3ATG3OSQLO5HGKA&Expires=1625097600&Signature=vwrx3H3aioPqpg8jK8yYaJGgOxg%3D,https://s3.amazonaws.com/omeka-net/59415/archive/files/bfafc6dd068b99ec3c13a886fa06c52e.jpg?AWSAccessKeyId=AKIAI3ATG3OSQLO5HGKA&Expires=1625097600&Signature=lcqVQm0eVVdXawPIhwqdnqGvNI8%3D,https://s3.amazonaws.com/omeka-net/59415/archive/square_thumbnails/bfafc6dd068b99ec3c13a886fa06c52e.jpg?AWSAccessKeyId=AKIAI3ATG3OSQLO5HGKA&Expires=1625097600&Signature=LhCQF9Cl85vV4DB0VEFobCDFaew%3D,https://s3.amazonaws.com/omeka-net/59415/archive/thumbnails/bfafc6dd068b99ec3c13a886fa06c52e.jpg?AWSAccessKeyId=AKIAI3ATG3OSQLO5HGKA&Expires=1625097600&Signature=yJvX0DeIspozFBnU90VW9sl%2FZz4%3D,bfafc6dd068b99ec3c13a886fa06c52e.jpg,True,62,image/jpeg,image/jpeg,2021-05-14T14:02:02+00:00,3 - 0006.jpg,1261889,True,"JPEG image data, JFIF standard 1.01",https://erdinggeschichte.omeka.net/api/files/32
33,2021-05-14T14:02:37+00:00,5ab0db88a617100bb8886db84a56538f,https://s3.amazonaws.com/omeka-net/59415/archive/fullsize/9358b535e413cee013f6c0c8440feb3b.jpg?AWSAccessKeyId=AKIAI3ATG3OSQLO5HGKA&Expires=1625097600&Signature=ZNmPwAuhQb3%2F1JQrpcDV2NyOlLk%3D,https://s3.amazonaws.com/omeka-net/59415/archive/files/9358b535e413cee013f6c0c8440feb3b.jpg?AWSAccessKeyId=AKIAI3ATG3OSQLO5HGKA&Expires=1625097600&Signature=%2BvVgly8gDwvGu5U2tbVwfwZ7LSk%3D,https://s3.amazonaws.com/omeka-net/59415/archive/square_thumbnails/9358b535e413cee013f6c0c8440feb3b.jpg?AWSAccessKeyId=AKIAI3ATG3OSQLO5HGKA&Expires=1625097600&Signature=gAfAcCbPNAIN%2BASsG%2Faw81oHv60%3D,https://s3.amazonaws.com/omeka-net/59415/archive/thumbnails/9358b535e413cee013f6c0c8440feb3b.jpg?AWSAccessKeyId=AKIAI3ATG3OSQLO5HGKA&Expires=1625097600&Signature=81a66w%2B78Sop6FPMqGo6YH6fmM0%3D,9358b535e413cee013f6c0c8440feb3b.jpg,True,63,image/jpeg,image/jpeg,2021-05-14T14:02:42+00:00,3 - 0007.jpg,1427039,True,"JPEG image data, JFIF standard 1.01",https://erdinggeschichte.omeka.net/api/files/33
34,2021-05-14T14:03:12+00:00,4c088f7ffb36790e51931be11cccd5b9,https://s3.amazonaws.com/omeka-net/59415/archive/fullsize/cae345226806eaa3cad3680df0867953.jpg?AWSAccessKeyId=AKIAI3ATG3OSQLO5HGKA&Expires=1625097600&Signature=0SE0Wk%2FYAami7ycTpFkX5JtLMmA%3D,https://s3.amazonaws.com/omeka-net/59415/archive/files/cae345226806eaa3cad3680df0867953.jpg?AWSAccessKeyId=AKIAI3ATG3OSQLO5HGKA&Expires=1625097600&Signature=oVwxyWAiLOkFNGDGPTnfnzAdFGQ%3D,https://s3.amazonaws.com/omeka-net/59415/archive/square_thumbnails/cae345226806eaa3cad3680df0867953.jpg?AWSAccessKeyId=AKIAI3ATG3OSQLO5HGKA&Expires=1625097600&Signature=hm1pG3WMSfCNKuXW4RRKii0rs1I%3D,https://s3.amazonaws.com/omeka-net/59415/archive/thumbnails/cae345226806eaa3cad3680df0867953.jpg?AWSAccessKeyId=AKIAI3ATG3OSQLO5HGKA&Expires=1625097600&Signature=gWxnYAYwkDUyiliK8EdbT978mwA%3D,cae345226806eaa3cad3680df0867953.jpg,True,64,image/jpeg,image/jpeg,2021-05-14T14:03:17+00:00,3 - 0008.jpg,1199013,True,"JPEG image data, JFIF standard 1.01",https://erdinggeschichte.omeka.net/api/files/34
35,2021-05-14T14:03:49+00:00,147403f294c22216156fcba13b66c18a,https://s3.amazonaws.com/omeka-net/59415/archive/fullsize/162721ab596e67e65fd1e687a54aa267.jpg?AWSAccessKeyId=AKIAI3ATG3OSQLO5HGKA&Expires=1625097600&Signature=8OIGBlwrMRfOtxkfDBlukbx%2F8mQ%3D,https://s3.amazonaws.com/omeka-net/59415/archive/files/162721ab596e67e65fd1e687a54aa267.jpg?AWSAccessKeyId=AKIAI3ATG3OSQLO5HGKA&Expires=1625097600&Signature=avTHXGKeE7EDJDMk9L4bzDjhDbY%3D,https://s3.amazonaws.com/omeka-net/59415/archive/square_thumbnails/162721ab596e67e65fd1e687a54aa267.jpg?AWSAccessKeyId=AKIAI3ATG3OSQLO5HGKA&Expires=1625097600&Signature=21%2BA%2B1Ww9NOQoFkldHlrk4wi6Hs%3D,https://s3.amazonaws.com/omeka-net/59415/archive/thumbnails/162721ab596e67e65fd1e687a54aa267.jpg?AWSAccessKeyId=AKIAI3ATG3OSQLO5HGKA&Expires=1625097600&Signature=BsVy2LWjllsBjJbBPnSIFGM5HEQ%3D,162721ab596e67e65fd1e687a54aa267.jpg,True,65,image/jpeg,image/jpeg,2021-05-14T14:03:55+00:00,3 - 0009.jpg,1187688,True,"JPEG image data, JFIF standard 1.01",https://erdinggeschichte.omeka.net/api/files/35
36,2021-05-14T14:04:23+00:00,ff5325c5d50b298d0401d90cd9ad5116,https://s3.amazonaws.com/omeka-net/59415/archive/fullsize/e2e6e288b1313987642ad3aef9dddd20.jpg?AWSAccessKeyId=AKIAI3ATG3OSQLO5HGKA&Expires=1625097600&Signature=lAh1j3qkJVvdlE8KjRK%2FAKtJ244%3D,https://s3.amazonaws.com/omeka-net/59415/archive/files/e2e6e288b1313987642ad3aef9dddd20.jpg?AWSAccessKeyId=AKIAI3ATG3OSQLO5HGKA&Expires=1625097600&Signature=m%2BH7eADPwoR6qecZiGPccE3ley0%3D,https://s3.amazonaws.com/omeka-net/59415/archive/square_thumbnails/e2e6e288b1313987642ad3aef9dddd20.jpg?AWSAccessKeyId=AKIAI3ATG3OSQLO5HGKA&Expires=1625097600&Signature=FpFGZrUUtaeZDVeXGwfgJ%2BgpQLs%3D,https://s3.amazonaws.com/omeka-net/59415/archive/thumbnails/e2e6e288b1313987642ad3aef9dddd20.jpg?AWSAccessKeyId=AKIAI3ATG3OSQLO5HGKA&Expires=1625097600&Signature=QBgn4l5m7sWbDh8TL6p88zaNhJs%3D,e2e6e288b1313987642ad3aef9dddd20.jpg,True,66,image/jpeg,image/jpeg,2021-05-14T14:04:29+00:00,3 - 0010.jpg,1245374,True,"JPEG image data, JFIF standard 1.01",https://erdinggeschichte.omeka.net/api/files/36
37,2021-05-14T14:05:10+00:00,893af34147ec4e286b93e3e76f29b493,https://s3.amazonaws.com/omeka-net/59415/archive/fullsize/7d5f7490b7b350fb2df2940690a6adfe.jpg?AWSAccessKeyId=AKIAI3ATG3OSQLO5HGKA&Expires=1625097600&Signature=IHcUafSho2sM16cjMJJuGoqGFyY%3D,https://s3.amazonaws.com/omeka-net/59415/archive/files/7d5f7490b7b350fb2df2940690a6adfe.jpg?AWSAccessKeyId=AKIAI3ATG3OSQLO5HGKA&Expires=1625097600&Signature=Wal4xuDmU7mHmvmoqiVDgpUkGYc%3D,https://s3.amazonaws.com/omeka-net/59415/archive/square_thumbnails/7d5f7490b7b350fb2df2940690a6adfe.jpg?AWSAccessKeyId=AKIAI3ATG3OSQLO5HGKA&Expires=1625097600&Signature=4MGBrTQCYg8t%2F%2BDr%2BpE2X2ys5rs%3D,https://s3.amazonaws.com/omeka-net/59415/archive/thumbnails/7d5f7490b7b350fb2df2940690a6adfe.jpg?AWSAccessKeyId=AKIAI3ATG3OSQLO5HGKA&Expires=1625097600&Signature=Nq19wQ%2BMUgbFsulSVHqSEvvNttY%3D,7d5f7490b7b350fb2df2940690a6adfe.jpg,True,67,image/jpeg,image/jpeg,2021-05-14T14:05:15+00:00,3 - 0011.jpg,1602400,True,"JPEG image data, JFIF standard 1.01",https://erdinggeschichte.omeka.net/api/files/37
38,2021-05-14T14:06:14+00:00,ddad1da023d459a3c17976fc0e1febc0,https://s3.amazonaws.com/omeka-net/59415/archive/fullsize/deaed0a08470700185f6e6b2b5c0a8c8.jpg?AWSAccessKeyId=AKIAI3ATG3OSQLO5HGKA&Expires=1625097600&Signature=L%2BGNP7JWtCBo%2FvwadBAChDHLNQA%3D,https://s3.amazonaws.com/omeka-net/59415/archive/files/deaed0a08470700185f6e6b2b5c0a8c8.jpg?AWSAccessKeyId=AKIAI3ATG3OSQLO5HGKA&Expires=1625097600&Signature=oHHjzRrDpznAk5ZLDaubqepClY8%3D,https://s3.amazonaws.com/omeka-net/59415/archive/square_thumbnails/deaed0a08470700185f6e6b2b5c0a8c8.jpg?AWSAccessKeyId=AKIAI3ATG3OSQLO5HGKA&Expires=1625097600&Signature=%2BVvz6rHBAcgImQ4GkKRis0B9KDk%3D,https://s3.amazonaws.com/omeka-net/59415/archive/thumbnails/deaed0a08470700185f6e6b2b5c0a8c8.jpg?AWSAccessKeyId=AKIAI3ATG3OSQLO5HGKA&Expires=1625097600&Signature=PEoOg9vxNlmJD3qndU7rpYL5Yoo%3D,deaed0a08470700185f6e6b2b5c0a8c8.jpg,True,68,image/jpeg,image/jpeg,2021-05-14T14:06:19+00:00,3 - 0012.jpg,1350738,True,"JPEG image data, JFIF standard 1.01",https://erdinggeschichte.omeka.net/api/files/38
39,2021-05-14T14:07:16+00:00,9336d6ef66d45248d5bb0d8b0284b0fb,https://s3.amazonaws.com/omeka-net/59415/archive/fullsize/d86d3893b11905bd134a5e07b0bb3501.jpg?AWSAccessKeyId=AKIAI3ATG3OSQLO5HGKA&Expires=1625097600&Signature=qn0bUmQluS9%2Fxodk%2FhaiSLSVRcg%3D,https://s3.amazonaws.com/omeka-net/59415/archive/files/d86d3893b11905bd134a5e07b0bb3501.jpg?AWSAccessKeyId=AKIAI3ATG3OSQLO5HGKA&Expires=1625097600&Signature=NTi6St7mIDLOQ%2FnNXtEXfa40v%2FU%3D,https://s3.amazonaws.com/omeka-net/59415/archive/square_thumbnails/d86d3893b11905bd134a5e07b0bb3501.jpg?AWSAccessKeyId=AKIAI3ATG3OSQLO5HGKA&Expires=1625097600&Signature=1KMupIZ7UWToib6VLcL38oGCnsE%3D,https://s3.amazonaws.com/omeka-net/59415/archive/thumbnails/d86d3893b11905bd134a5e07b0bb3501.jpg?AWSAccessKeyId=AKIAI3ATG3OSQLO5HGKA&Expires=1625097600&Signature=7lApUp1zb7KEvk%2FlRMk%2Bip18rsY%3D,d86d3893b11905bd134a5e07b0bb3501.jpg,True,69,image/jpeg,image/jpeg,2021-05-14T14:07:22+00:00,3 - 0013.jpg,1214551,True,"JPEG image data, JFIF standard 1.01",https://erdinggeschichte.omeka.net/api/files/39
40,2021-05-14T14:07:54+00:00,534155bead11baa7777d53bc71e755ba,https://s3.amazonaws.com/omeka-net/59415/archive/fullsize/fa621de190ef7752d6f13447b5d486bf.jpg?AWSAccessKeyId=AKIAI3ATG3OSQLO5HGKA&Expires=1625097600&Signature=oW2HfOsA8laLo3asXJVEcp2eGy4%3D,https://s3.amazonaws.com/omeka-net/59415/archive/files/fa621de190ef7752d6f13447b5d486bf.jpg?AWSAccessKeyId=AKIAI3ATG3OSQLO5HGKA&Expires=1625097600&Signature=jTy2CwIWOC6dGAVlli7FPUr%2By2o%3D,https://s3.amazonaws.com/omeka-net/59415/archive/square_thumbnails/fa621de190ef7752d6f13447b5d486bf.jpg?AWSAccessKeyId=AKIAI3ATG3OSQLO5HGKA&Expires=1625097600&Signature=dpFYvAi99iHxZxTbdCz6olDwISI%3D,https://s3.amazonaws.com/omeka-net/59415/archive/thumbnails/fa621de190ef7752d6f13447b5d486bf.jpg?AWSAccessKeyId=AKIAI3ATG3OSQLO5HGKA&Expires=1625097600&Signature=yXLHNJdfFq69lgP%2FQUa4dtmE3k4%3D,fa621de190ef7752d6f13447b5d486bf.jpg,True,70,image/jpeg,image/jpeg,2021-05-14T14:07:59+00:00,3 - 0014.jpg,1277610,True,"JPEG image data, JFIF standard 1.01",https://erdinggeschichte.omeka.net/api/files/40
41,2021-05-14T14:08:52+00:00,836b135c1da72929a0946c857ff4e195,https://s3.amazonaws.com/omeka-net/59415/archive/fullsize/fac16f0a76b81ab3c4b4528a29bcca44.jpg?AWSAccessKeyId=AKIAI3ATG3OSQLO5HGKA&Expires=1625097600&Signature=jZ2B6X77OVz6Qol9Ni3AueVVCp4%3D,https://s3.amazonaws.com/omeka-net/59415/archive/files/fac16f0a76b81ab3c4b4528a29bcca44.jpg?AWSAccessKeyId=AKIAI3ATG3OSQLO5HGKA&Expires=1625097600&Signature=lBhczs3O4M47OJSW3a8ptVbPOEY%3D,https://s3.amazonaws.com/omeka-net/59415/archive/square_thumbnails/fac16f0a76b81ab3c4b4528a29bcca44.jpg?AWSAccessKeyId=AKIAI3ATG3OSQLO5HGKA&Expires=1625097600&Signature=Cdu79Jn201n7WL%2F93Z%2BvUiiTmNQ%3D,https://s3.amazonaws.com/omeka-net/59415/archive/thumbnails/fac16f0a76b81ab3c4b4528a29bcca44.jpg?AWSAccessKeyId=AKIAI3ATG3OSQLO5HGKA&Expires=1625097600&Signature=iPH0ERj2RoKOq2IaPDQ0SkIqW9Q%3D,fac16f0a76b81ab3c4b4528a29bcca44.jpg,True,71,image/jpeg,image/jpeg,2021-05-14T14:08:57+00:00,3 - 0015.jpg,1376190,True,"JPEG image data, JFIF standard 1.01",https://erdinggeschichte.omeka.net/api/files/41
42,2021-05-14T14:09:27+00:00,d0234ec118629cfd21a8c9b1b54db793,https://s3.amazonaws.com/omeka-net/59415/archive/fullsize/b0b2acdc41d14fda8023ffe84fb14d2b.jpg?AWSAccessKeyId=AKIAI3ATG3OSQLO5HGKA&Expires=1625097600&Signature=UgtoiHcwCF7rTpmR5QOqBQBOLD8%3D,https://s3.amazonaws.com/omeka-net/59415/archive/files/b0b2acdc41d14fda8023ffe84fb14d2b.jpg?AWSAccessKeyId=AKIAI3ATG3OSQLO5HGKA&Expires=1625097600&Signature=cxx3aVyCPSRW8K1xUPWW2%2Fs2yNU%3D,https://s3.amazonaws.com/omeka-net/59415/archive/square_thumbnails/b0b2acdc41d14fda8023ffe84fb14d2b.jpg?AWSAccessKeyId=AKIAI3ATG3OSQLO5HGKA&Expires=1625097600&Signature=rRMix1OxFD4hifRzsCXeOitNRaI%3D,https://s3.amazonaws.com/omeka-net/59415/archive/thumbnails/b0b2acdc41d14fda8023ffe84fb14d2b.jpg?AWSAccessKeyId=AKIAI3ATG3OSQLO5HGKA&Expires=1625097600&Signature=18AJ8B0MdBcRBVBekusG90b8JQI%3D,b0b2acdc41d14fda8023ffe84fb14d2b.jpg,True,72,image/jpeg,image/jpeg,2021-05-14T14:09:32+00:00,3 - 0016.jpg,1311625,True,"JPEG image data, JFIF standard 1.01",https://erdinggeschichte.omeka.net/api/files/42
43,2021-05-14T15:24:12+00:00,4c9da8e96d66f787d6bb9cb36c4b780e,https://s3.amazonaws.com/omeka-net/59415/archive/fullsize/ff544a155b995f93f0df894b18cb8616.jpg?AWSAccessKeyId=AKIAI3ATG3OSQLO5HGKA&Expires=1625097600&Signature=6CsgqroqwzYdoWQB1PJP3QyzF9M%3D,https://s3.amazonaws.com/omeka-net/59415/archive/files/ff544a155b995f93f0df894b18cb8616.jpg?AWSAccessKeyId=AKIAI3ATG3OSQLO5HGKA&Expires=1625097600&Signature=4Mzh%2Fq2e0CO9roSq7IWjumqII3E%3D,https://s3.amazonaws.com/omeka-net/59415/archive/square_thumbnails/ff544a155b995f93f0df894b18cb8616.jpg?AWSAccessKeyId=AKIAI3ATG3OSQLO5HGKA&Expires=1625097600&Signature=jdXSN3tzDr672VIXhOlvjDoNZYQ%3D,https://s3.amazonaws.com/omeka-net/59415/archive/thumbnails/ff544a155b995f93f0df894b18cb8616.jpg?AWSAccessKeyId=AKIAI3ATG3OSQLO5HGKA&Expires=1625097600&Signature=V3l%2BPTlhWjb6Tal5V86smv4nwsE%3D,ff544a155b995f93f0df894b18cb8616.jpg,True,125,image/jpeg,image/jpeg,2021-05-14T15:24:18+00:00,4 - 0001.jpg,1183036,True,"JPEG image data, JFIF standard 1.01",https://erdinggeschichte.omeka.net/api/files/43
44,2021-05-14T15:25:07+00:00,fb6255d5dbb99a7eac49a3081b991650,https://s3.amazonaws.com/omeka-net/59415/archive/fullsize/76f35f0114ebadb8fa974a2ee5bb38b2.jpg?AWSAccessKeyId=AKIAI3ATG3OSQLO5HGKA&Expires=1625097600&Signature=G7xcg9hRBkLdvz6zi1JZxADd3cQ%3D,https://s3.amazonaws.com/omeka-net/59415/archive/files/76f35f0114ebadb8fa974a2ee5bb38b2.jpg?AWSAccessKeyId=AKIAI3ATG3OSQLO5HGKA&Expires=1625097600&Signature=YkscR2VUW7KrLGB9rRiZh9%2Bic2k%3D,https://s3.amazonaws.com/omeka-net/59415/archive/square_thumbnails/76f35f0114ebadb8fa974a2ee5bb38b2.jpg?AWSAccessKeyId=AKIAI3ATG3OSQLO5HGKA&Expires=1625097600&Signature=48ZO4KW4QQkv3zjFkPC3bsZVsA0%3D,https://s3.amazonaws.com/omeka-net/59415/archive/thumbnails/76f35f0114ebadb8fa974a2ee5bb38b2.jpg?AWSAccessKeyId=AKIAI3ATG3OSQLO5HGKA&Expires=1625097600&Signature=pQfDzOT5bOn4wE9uSox9WSitUtE%3D,76f35f0114ebadb8fa974a2ee5bb38b2.jpg,True,126,image/jpeg,image/jpeg,2021-05-14T15:25:12+00:00,4 - 0002.jpg,1209143,True,"JPEG image data, JFIF standard 1.01",https://erdinggeschichte.omeka.net/api/files/44
45,2021-05-14T15:26:20+00:00,b64b673a8c569eba40a2a52012c3e9f3,https://s3.amazonaws.com/omeka-net/59415/archive/fullsize/70ea82f5f7bd4292ce7fc6e9a413a894.jpg?AWSAccessKeyId=AKIAI3ATG3OSQLO5HGKA&Expires=1625097600&Signature=pmjdSgwQaXtycMfc5Uksmf1Rjb4%3D,https://s3.amazonaws.com/omeka-net/59415/archive/files/70ea82f5f7bd4292ce7fc6e9a413a894.jpg?AWSAccessKeyId=AKIAI3ATG3OSQLO5HGKA&Expires=1625097600&Signature=VjQxa3htEpwmOetPqjPV2Aiv4lg%3D,https://s3.amazonaws.com/omeka-net/59415/archive/square_thumbnails/70ea82f5f7bd4292ce7fc6e9a413a894.jpg?AWSAccessKeyId=AKIAI3ATG3OSQLO5HGKA&Expires=1625097600&Signature=KBadUBKe0mrYPq%2F3pjk4LiA3Ae8%3D,https://s3.amazonaws.com/omeka-net/59415/archive/thumbnails/70ea82f5f7bd4292ce7fc6e9a413a894.jpg?AWSAccessKeyId=AKIAI3ATG3OSQLO5HGKA&Expires=1625097600&Signature=7jJddc74fEMulox7U4lQ8HFITwk%3D,70ea82f5f7bd4292ce7fc6e9a413a894.jpg,True,127,image/jpeg,image/jpeg,2021-05-14T15:26:25+00:00,4 - 0003.jpg,1300021,True,"JPEG image data, JFIF standard 1.01",https://erdinggeschichte.omeka.net/api/files/45
46,2021-05-14T15:27:28+00:00,b32e702a57bef665449ed969ffc1dc86,https://s3.amazonaws.com/omeka-net/59415/archive/fullsize/6b55d9a4f801bc5f20ffd75329fcb23d.jpg?AWSAccessKeyId=AKIAI3ATG3OSQLO5HGKA&Expires=1625097600&Signature=wpVryzmswJ0URi0%2B2oVwrG7SKWg%3D,https://s3.amazonaws.com/omeka-net/59415/archive/files/6b55d9a4f801bc5f20ffd75329fcb23d.jpg?AWSAccessKeyId=AKIAI3ATG3OSQLO5HGKA&Expires=1625097600&Signature=bjOF6JwsK%2FSWND8vNPU1Uu1fgV4%3D,https://s3.amazonaws.com/omeka-net/59415/archive/square_thumbnails/6b55d9a4f801bc5f20ffd75329fcb23d.jpg?AWSAccessKeyId=AKIAI3ATG3OSQLO5HGKA&Expires=1625097600&Signature=nMf78uYczJ7S4E4hl9xb5RL2A%2Bg%3D,https://s3.amazonaws.com/omeka-net/59415/archive/thumbnails/6b55d9a4f801bc5f20ffd75329fcb23d.jpg?AWSAccessKeyId=AKIAI3ATG3OSQLO5HGKA&Expires=1625097600&Signature=o83AnVOYAYVG%2FxTKq0FmZ9CwfTY%3D,6b55d9a4f801bc5f20ffd75329fcb23d.jpg,True,128,image/jpeg,image/jpeg,2021-05-14T15:27:33+00:00,4 - 0004.jpg,1602321,True,"JPEG image data, JFIF standard 1.01",https://erdinggeschichte.omeka.net/api/files/46
47,2021-05-14T15:28:05+00:00,24abdef999856bc178ed3b714b0fec97,https://s3.amazonaws.com/omeka-net/59415/archive/fullsize/a659cc38fd45bdb2adefc01ace6bc4aa.jpg?AWSAccessKeyId=AKIAI3ATG3OSQLO5HGKA&Expires=1625097600&Signature=rovwiVRYiK9O5H8G9g7rTh0kA3Q%3D,https://s3.amazonaws.com/omeka-net/59415/archive/files/a659cc38fd45bdb2adefc01ace6bc4aa.jpg?AWSAccessKeyId=AKIAI3ATG3OSQLO5HGKA&Expires=1625097600&Signature=%2B7ba6PUnVsNyknEtBaTEiQqjMGM%3D,https://s3.amazonaws.com/omeka-net/59415/archive/square_thumbnails/a659cc38fd45bdb2adefc01ace6bc4aa.jpg?AWSAccessKeyId=AKIAI3ATG3OSQLO5HGKA&Expires=1625097600&Signature=Zvwa%2F9xYRikJNadyyjpFmMHruEs%3D,https://s3.amazonaws.com/omeka-net/59415/archive/thumbnails/a659cc38fd45bdb2adefc01ace6bc4aa.jpg?AWSAccessKeyId=AKIAI3ATG3OSQLO5HGKA&Expires=1625097600&Signature=IAU7Hd4Ppwka%2FXXEltYTTrCZ4RU%3D,a659cc38fd45bdb2adefc01ace6bc4aa.jpg,True,129,image/jpeg,image/jpeg,2021-05-14T15:28:11+00:00,4 - 0005.jpg,1263340,True,"JPEG image data, JFIF standard 1.01",https://erdinggeschichte.omeka.net/api/files/47
48,2021-05-14T15:28:41+00:00,952bc21fee14e75f0927059508522689,https://s3.amazonaws.com/omeka-net/59415/archive/fullsize/835121da2e4434a1a6b6c4df08cd9315.jpg?AWSAccessKeyId=AKIAI3ATG3OSQLO5HGKA&Expires=1625097600&Signature=4bAvxFnznUcAkuYckc3m0xDHTtc%3D,https://s3.amazonaws.com/omeka-net/59415/archive/files/835121da2e4434a1a6b6c4df08cd9315.jpg?AWSAccessKeyId=AKIAI3ATG3OSQLO5HGKA&Expires=1625097600&Signature=tjrrNO1B6AcBmhPFseS8WmTCR3o%3D,https://s3.amazonaws.com/omeka-net/59415/archive/square_thumbnails/835121da2e4434a1a6b6c4df08cd9315.jpg?AWSAccessKeyId=AKIAI3ATG3OSQLO5HGKA&Expires=1625097600&Signature=dVwQE4EL8h%2Bi9AzZYz6c31mZN5k%3D,https://s3.amazonaws.com/omeka-net/59415/archive/thumbnails/835121da2e4434a1a6b6c4df08cd9315.jpg?AWSAccessKeyId=AKIAI3ATG3OSQLO5HGKA&Expires=1625097600&Signature=va5N3y9Emkn6bkrZh%2Fwk7a9Lcnc%3D,835121da2e4434a1a6b6c4df08cd9315.jpg,True,130,image/jpeg,image/jpeg,2021-05-14T15:28:47+00:00,4 - 0006.jpg,1229291,True,"JPEG image data, JFIF standard 1.01",https://erdinggeschichte.omeka.net/api/files/48
49,2021-05-14T15:29:19+00:00,cd287384e4a680a8d1c1d4b8ffae2b56,https://s3.amazonaws.com/omeka-net/59415/archive/fullsize/f507b2e0a73605a85caba3eab2b76e49.jpg?AWSAccessKeyId=AKIAI3ATG3OSQLO5HGKA&Expires=1625097600&Signature=GxgJvaUIAB9xKpUzcXWwiOo0ljY%3D,https://s3.amazonaws.com/omeka-net/59415/archive/files/f507b2e0a73605a85caba3eab2b76e49.jpg?AWSAccessKeyId=AKIAI3ATG3OSQLO5HGKA&Expires=1625097600&Signature=F%2F6N5zps9IkTpG7yFFtvncCBAdY%3D,https://s3.amazonaws.com/omeka-net/59415/archive/square_thumbnails/f507b2e0a73605a85caba3eab2b76e49.jpg?AWSAccessKeyId=AKIAI3ATG3OSQLO5HGKA&Expires=1625097600&Signature=PPJq6dgrmeidsWPH42jrrGUVZEw%3D,https://s3.amazonaws.com/omeka-net/59415/archive/thumbnails/f507b2e0a73605a85caba3eab2b76e49.jpg?AWSAccessKeyId=AKIAI3ATG3OSQLO5HGKA&Expires=1625097600&Signature=vsjpUUMOmEVmIkcbN7rEdjwKPyc%3D,f507b2e0a73605a85caba3eab2b76e49.jpg,True,131,image/jpeg,image/jpeg,2021-05-14T15:29:24+00:00,4 - 0007.jpg,1640806,True,"JPEG image data, JFIF standard 1.01",https://erdinggeschichte.omeka.net/api/files/49
50,2021-05-14T15:30:42+00:00,6a0f8e6db610a135f5daf41652d9809d,https://s3.amazonaws.com/omeka-net/59415/archive/fullsize/3efb839398e07cf98c10dd3c08cbb6d1.jpg?AWSAccessKeyId=AKIAI3ATG3OSQLO5HGKA&Expires=1625097600&Signature=cPhfa%2BDPsPZ5TitiOEshcA0%2FzS8%3D,https://s3.amazonaws.com/omeka-net/59415/archive/files/3efb839398e07cf98c10dd3c08cbb6d1.jpg?AWSAccessKeyId=AKIAI3ATG3OSQLO5HGKA&Expires=1625097600&Signature=hIQ2o6F9XU%2FFt6i57w5hDH8MEX0%3D,https://s3.amazonaws.com/omeka-net/59415/archive/square_thumbnails/3efb839398e07cf98c10dd3c08cbb6d1.jpg?AWSAccessKeyId=AKIAI3ATG3OSQLO5HGKA&Expires=1625097600&Signature=oJVpOFq0fVhk8%2Fg2rwzVnpsSzS8%3D,https://s3.amazonaws.com/omeka-net/59415/archive/thumbnails/3efb839398e07cf98c10dd3c08cbb6d1.jpg?AWSAccessKeyId=AKIAI3ATG3OSQLO5HGKA&Expires=1625097600&Signature=xyTdnZGLOQ7bv1R9xGiebvCSdXc%3D,3efb839398e07cf98c10dd3c08cbb6d1.jpg,True,132,image/jpeg,image/jpeg,2021-05-14T15:30:47+00:00,4 - 0008.jpg,1411789,True,"JPEG image data, JFIF standard 1.01",https://erdinggeschichte.omeka.net/api/files/50
51,2021-05-14T15:31:24+00:00,e88d29f2ca15311ade36815f4c88ba17,https://s3.amazonaws.com/omeka-net/59415/archive/fullsize/1fd93f626925836c4d9460745116471f.jpg?AWSAccessKeyId=AKIAI3ATG3OSQLO5HGKA&Expires=1625097600&Signature=5SSB76NhsD5s7hJSyevOZG0j39E%3D,https://s3.amazonaws.com/omeka-net/59415/archive/files/1fd93f626925836c4d9460745116471f.jpg?AWSAccessKeyId=AKIAI3ATG3OSQLO5HGKA&Expires=1625097600&Signature=0stJU%2FFlMavQUB2tsGqy58olawc%3D,https://s3.amazonaws.com/omeka-net/59415/archive/square_thumbnails/1fd93f626925836c4d9460745116471f.jpg?AWSAccessKeyId=AKIAI3ATG3OSQLO5HGKA&Expires=1625097600&Signature=%2BAOaaSb4sQgPkTpYnWwUe6vBanQ%3D,https://s3.amazonaws.com/omeka-net/59415/archive/thumbnails/1fd93f626925836c4d9460745116471f.jpg?AWSAccessKeyId=AKIAI3ATG3OSQLO5HGKA&Expires=1625097600&Signature=bJepGQhCDrlMyrO61xx5dsWy5cU%3D,1fd93f626925836c4d9460745116471f.jpg,True,133,image/jpeg,image/jpeg,2021-05-14T15:31:30+00:00,4 - 0009.jpg,1237015,True,"JPEG image data, JFIF standard 1.01",https://erdinggeschichte.omeka.net/api/files/51
52,2021-05-14T15:33:27+00:00,0b4e7ad698eaf8477a02845cbb6e42b3,https://s3.amazonaws.com/omeka-net/59415/archive/fullsize/993df13d9820c49171febabc722d8de5.jpg?AWSAccessKeyId=AKIAI3ATG3OSQLO5HGKA&Expires=1625097600&Signature=8%2BP234F10bdA%2BsDMGq9syNPwv%2Fc%3D,https://s3.amazonaws.com/omeka-net/59415/archive/files/993df13d9820c49171febabc722d8de5.jpg?AWSAccessKeyId=AKIAI3ATG3OSQLO5HGKA&Expires=1625097600&Signature=rPpPw1E4zk5xP314Km6H6WR7Rp0%3D,https://s3.amazonaws.com/omeka-net/59415/archive/square_thumbnails/993df13d9820c49171febabc722d8de5.jpg?AWSAccessKeyId=AKIAI3ATG3OSQLO5HGKA&Expires=1625097600&Signature=g6VQnfMgG8F4wGjQnb9JO7U7Wpk%3D,https://s3.amazonaws.com/omeka-net/59415/archive/thumbnails/993df13d9820c49171febabc722d8de5.jpg?AWSAccessKeyId=AKIAI3ATG3OSQLO5HGKA&Expires=1625097600&Signature=QQa%2FtlGSTK%2F3pSFdTnw7tugGj1U%3D,993df13d9820c49171febabc722d8de5.jpg,True,134,image/jpeg,image/jpeg,2021-05-14T15:33:32+00:00,4 - 0010.jpg,1423014,True,"JPEG image data, JFIF standard 1.01",https://erdinggeschichte.omeka.net/api/files/52
53,2021-05-14T15:35:01+00:00,44de09a2eb4614af65d533ad7e26f104,https://s3.amazonaws.com/omeka-net/59415/archive/fullsize/dcc8906f03765191b523058db9c458d4.jpg?AWSAccessKeyId=AKIAI3ATG3OSQLO5HGKA&Expires=1625097600&Signature=C4pWACXic6XcE24BoerEJ0u7ADc%3D,https://s3.amazonaws.com/omeka-net/59415/archive/files/dcc8906f03765191b523058db9c458d4.jpg?AWSAccessKeyId=AKIAI3ATG3OSQLO5HGKA&Expires=1625097600&Signature=h%2BmQNW2f8%2FSZ%2BmRC7eHT%2BSbSLtI%3D,https://s3.amazonaws.com/omeka-net/59415/archive/square_thumbnails/dcc8906f03765191b523058db9c458d4.jpg?AWSAccessKeyId=AKIAI3ATG3OSQLO5HGKA&Expires=1625097600&Signature=5XRiY6c186cgUtXEjHAwgUL2GwU%3D,https://s3.amazonaws.com/omeka-net/59415/archive/thumbnails/dcc8906f03765191b523058db9c458d4.jpg?AWSAccessKeyId=AKIAI3ATG3OSQLO5HGKA&Expires=1625097600&Signature=ZQ%2F%2BMWtBs3gA4cx33t83RcODuCc%3D,dcc8906f03765191b523058db9c458d4.jpg,True,135,image/jpeg,image/jpeg,2021-05-14T15:35:06+00:00,4 - 0011.jpg,1312989,True,"JPEG image data, JFIF standard 1.01",https://erdinggeschichte.omeka.net/api/files/53
54,2021-05-14T15:36:44+00:00,91745443c6cf8968fb7f18ff1f8cf94c,https://s3.amazonaws.com/omeka-net/59415/archive/fullsize/8768e44d1838399762c751e4042209f9.jpg?AWSAccessKeyId=AKIAI3ATG3OSQLO5HGKA&Expires=1625097600&Signature=oGwRaNpoq6oRpPZc4fcf8zeE1GQ%3D,https://s3.amazonaws.com/omeka-net/59415/archive/files/8768e44d1838399762c751e4042209f9.jpg?AWSAccessKeyId=AKIAI3ATG3OSQLO5HGKA&Expires=1625097600&Signature=c5gjS34rbqC%2Ba6Y0cbeBL0JkYic%3D,https://s3.amazonaws.com/omeka-net/59415/archive/square_thumbnails/8768e44d1838399762c751e4042209f9.jpg?AWSAccessKeyId=AKIAI3ATG3OSQLO5HGKA&Expires=1625097600&Signature=n%2FOBVjPdYmAadRNUKi59X%2BLZdCI%3D,https://s3.amazonaws.com/omeka-net/59415/archive/thumbnails/8768e44d1838399762c751e4042209f9.jpg?AWSAccessKeyId=AKIAI3ATG3OSQLO5HGKA&Expires=1625097600&Signature=aMkjVAQbWL7Oh19gWc5wG7mVb7Y%3D,8768e44d1838399762c751e4042209f9.jpg,True,136,image/jpeg,image/jpeg,2021-05-14T15:36:48+00:00,4 - 0012.jpg,1388077,True,"JPEG image data, JFIF standard 1.01",https://erdinggeschichte.omeka.net/api/files/54
55,2021-05-14T15:38:08+00:00,f3fb9c052f122033481f5be436592f0d,https://s3.amazonaws.com/omeka-net/59415/archive/fullsize/d24bb9b36c516b40a4704940aaba9a24.jpg?AWSAccessKeyId=AKIAI3ATG3OSQLO5HGKA&Expires=1625097600&Signature=PetTfKNuzG9OA0p1TDcBMI%2FkeRM%3D,https://s3.amazonaws.com/omeka-net/59415/archive/files/d24bb9b36c516b40a4704940aaba9a24.jpg?AWSAccessKeyId=AKIAI3ATG3OSQLO5HGKA&Expires=1625097600&Signature=0UWO%2FVq7mTdZNBZABjZaUIEifOE%3D,https://s3.amazonaws.com/omeka-net/59415/archive/square_thumbnails/d24bb9b36c516b40a4704940aaba9a24.jpg?AWSAccessKeyId=AKIAI3ATG3OSQLO5HGKA&Expires=1625097600&Signature=rY5PnlR8l1i3VGl9i3YwFktjH3M%3D,https://s3.amazonaws.com/omeka-net/59415/archive/thumbnails/d24bb9b36c516b40a4704940aaba9a24.jpg?AWSAccessKeyId=AKIAI3ATG3OSQLO5HGKA&Expires=1625097600&Signature=%2F%2FmJtQ3CZnPzmcdJW2gqlFNuJkU%3D,d24bb9b36c516b40a4704940aaba9a24.jpg,True,137,image/jpeg,image/jpeg,2021-05-30T09:12:20+00:00,4 - 0013.jpg,1164396,True,"JPEG image data, JFIF standard 1.01",https://erdinggeschichte.omeka.net/api/files/55
